Workbook
Name WIJI: 'LAPORAN TEKNIK 1 '!$G$134

Sheet Sheet1
A1: LAPORAN KEUANGAN
L2: KAS TAMBAHAN
A4: NO | B4: TANGGAL | C4: KETERANGAN TRANSAKSI | D4: PRAMUDI | E4: BODY | F4: UANG MASUK | G4: UANG KELUAR | H4: SALDO | K4: NO | L4: NAMA | M4: NIK | N4: NOMINAL | O4: KETERANGAN | P4: PEMBAYARAN
A5: 1
A6: 2
A7: 3
A8: 4
A9: 5
A10: 6
A11: 7
A12: 8
A13: 9
A14: 10
A15: 11
A16: 12
... A26: 22
A27: 45870 | H27: 558500 | K27: 45870
A28: 1
A29: 2
A30: 3
A31: 4
A32: 5
A33: 6
A34: 7
A35: 8
A36: 9
A37: 10
A38: 11
A39: 12
... A43: 16
A44: 45901 | H44: 2949500 | K44: 45901
A45: 1
A46: 2
A47: 3
A48: 4
A49: 5
A50: 6
A51: 7
A52: 8
A53: 9
A54: 10
A55: 12
A56: 13
... A66: 23
A67: 45931 | H67: 5175500 | K67: 45931
A68: 1 | K68: 1
A69: 2 | K69: 2
A70: 3 | K70: 3
A71: 4 | K71: 4
A72: 5 | K72: 5
A73: 6 | K73: 6
A74: 7 | K74: 7
A75: 8
A76: 9
A77: 10
A78: 11
A79: 12
A80: 13
A81: 14
A82: 15
A83: 16
A84: 17
A85: 18
A86: 19
A87: 20
A88: 45962 | H88: 8747500 | K88: 45962
A89: 1 | K89: 1
A90: 2 | K90: 2
A91: 3 | K91: 3
A92: 4 | K92: 4
A93: 4 | K93: 5
A94: 5 | K94: 6
A95: 6 | K95: 7
A96: 7 | K96: 8
A97: 8 | K97: 9
A98: 9
A99: 10
A100: 11
A101: 12
A102: 13
A103: 14
A104: 15
A105: 16
A106: 17
A107: 18
A108: 19
A109: 20
... A121: 32
A122: 45992 | H122: 9942000 | K122: 45992
A123: 1 | K123: 1
A124: 2 | K124: 2
A125: 3 | K125: 3
A126: 4 | K126: 4
A127: 5 | K127: 5
A128: 6
A129: 7
A130: 8
A131: 9
A132: 10
A133: 11
...

Sheet LAPORAN TEKNIK 1 
A1: NO | B1: NAMA ANGGOTA | C1: NIK | D1: JUMLAH PERBAIKAN | E1: JUMLAH PER BULAN | F1: JUMLAH PER BULAN | G1: JUMLAH PER BULAN | H1: JUMLAH PER BULAN | I1: JUMLAH PER BULAN | J1: JUMLAH PER BULAN | K1: JUMLAH PER BULAN | L1: JUMLAH PER BULAN | M1: JUMLAH PER BULAN | N1: JUMLAH PER BULAN | O1: JUMLAH PER BULAN | P1: JUMLAH PER BULAN | Q1: JUMLAH PER BULAN | R1: JUMLAH PER BULAN | S1: JUMLAH PER BULAN | T1: JUMLAH PER BULAN | U1: JUMLAH PER BULAN | V1: JUMLAH PER BULAN | W1: JUMLAH PER ORANG DALAM SETAHUN
D2: APRIL | E2: MEI | H2: JUNI | K2: JULI | N2: AGUSTUS | Q2: SEPTEMBER | T2: OKTOBER
E3: PERBAIKAN | F3: JUMLAH PERBAIKAN | G3: SUKET | H3: PERBAIKAN | I3: JUMLAH PERBAIKAN | J3: SUKET | K3: PERBAIKAN | L3: SPARE PART | M3: SUKET | N3: PERBAIKAN | O3: SPARE PART | P3: SUKET | Q3: PERBAIKAN | R3: SPARE PART | S3: SUKET | T3: PERBAIKAN | U3: SPARE PART | V3: SUKET
A4: 1 | B4: =IFERROR(VLOOKUP(C4,'DAFTAR NAMA PRAMUDI'!C:D,2,FALSE),"0") -> A Sutriadi | C4: 17001137 | E4: 1/5 248 bemper kanan baret | F4: 1 | I4: 0 | Q4: 1
A5: 2 | B5: =IFERROR(VLOOKUP(C5,'DAFTAR NAMA PRAMUDI'!C:D,2,FALSE),"0") -> Abdul Rochman | C5: 17001342 | E5: 18/5 258 bemper kanan baret 17/05/2026 bemper kanan baawah | F5: 2 | I5: 0
A6: 3 | B6: =IFERROR(VLOOKUP(C6,'DAFTAR NAMA PRAMUDI'!C:D,2,FALSE),"0") -> Ade Muhibudin | C6: 17000495 | D6: 27/4 237 body knan gompal | F6: 0 | I6: 0 | Q6: 1
A7: 4 | B7: =IFERROR(VLOOKUP(C7,'DAFTAR NAMA PRAMUDI'!C:D,2,FALSE),"0") -> Ade Tisna | C7: 17000537 | E7: 17/5 273 bemper kanan penyok | F7: 1 | I7: 0 | Q7: 1
A8: 5 | B8: =IFERROR(VLOOKUP(C8,'DAFTAR NAMA PRAMUDI'!C:D,2,FALSE),"0") -> Afrizal Firmansyah | C8: 17001589 | D8: 20/4 274 bemper kanan penyok, body blkng baret | E8: 16/5 266 body blkng kanan baret 26/5 260 kaca samping kanan pecah,kaca pintu blkng pecah,katup emergency pintu blkng pecah | F8: 2 | G8: YA | I8: 0
A9: 6 | B9: =IFERROR(VLOOKUP(C9,'DAFTAR NAMA PRAMUDI'!C:D,2,FALSE),"0") -> Agus Hariyanto | C9: 17001473 | D9: 24/4 255 bemper depan penyok | I9: 0 | Q9: 1
A10: 7 | B10: =IFERROR(VLOOKUP(C10,'DAFTAR NAMA PRAMUDI'!C:D,2,FALSE),"0") -> Agus Sukmana | C10: 17001101 | I10: 0
A11: 8 | B11: =IFERROR(VLOOKUP(C11,'DAFTAR NAMA PRAMUDI'!C:D,2,FALSE),"0") -> Bayu Warastopo | C11: 17001825 | D11: 10/4 252 bemper kanan penyok | E11: 15/5 247 bemper kanan baret | F11: 1 | I11: 0
A12: 9 | B12: =IFERROR(VLOOKUP(C12,'DAFTAR NAMA PRAMUDI'!C:D,2,FALSE),"0") -> Ahmad Gustomi | C12: 17000849 | E12: 5/5 230 bpdy depan kanan atas penyok, cover cctv kanan pecah 11/5 230 bemper kiri penyok | F12: 2 | G12: 2 | H12: VELK Penyok di repair 9 juni 2026 bemper bawah kanan penok 230 | I12: 1 | Q12: 2
A13: 10 | B13: =IFERROR(VLOOKUP(C13,'DAFTAR NAMA PRAMUDI'!C:D,2,FALSE),"0") -> Anang Maulana Awaludin | C13: 17001818 | D13: 6/4 231 bodi blkng baret 7/4 227 bemper depan penyok | F13: 0 | G13: 2 | H13: 15/06/2026 COVER SPION BOLONG .245 | I13: 1
A14: 11 | B14: =IFERROR(VLOOKUP(C14,'DAFTAR NAMA PRAMUDI'!C:D,2,FALSE),"0") -> Akbar | C14: 17001005 | D14: 20/4 266 bemper kanan baret | F14: 0 | G14: 1 | I14: 0
A15: 12 | B15: =IFERROR(VLOOKUP(C15,'DAFTAR NAMA PRAMUDI'!C:D,2,FALSE),"0") -> Andhy Sururi | C15: 17001469 | E15: 10/5 269 bemper kanan baret | F15: 1 | I15: 0
A16: 13 | B16: =IFERROR(VLOOKUP(C16,'DAFTAR NAMA PRAMUDI'!C:D,2,FALSE),"0") -> APIPUDIN | C16: 17001509 | F16: 0 | I16: 0
A17: 14 | B17: =IFERROR(VLOOKUP(C17,'DAFTAR NAMA PRAMUDI'!C:D,2,FALSE),"0") -> Argent Dyego Saragi Napitu | C17: 17001128 | E17: 5/5 271 cover cctv tengah hilang 12/5 261 bemper kanan penyok | F17: 2 | G17: 2 | H17: 3/6 271 body blkng kiri baret 12/06/2026 BEMBER BWG BD 259 | I17: 2
A18: 15 | B18: =IFERROR(VLOOKUP(C18,'DAFTAR NAMA PRAMUDI'!C:D,2,FALSE),"0") -> 0 | C18: 17000678 | F18: 0 | I18: 0 | Q18: 1
A19: 16 | B19: =IFERROR(VLOOKUP(C19,'DAFTAR NAMA PRAMUDI'!C:D,2,FALSE),"0") -> 0 | C19: 17001574 | D19: 14/4 227 cover keong hilang 22/4 227 bemper blkng penyok | F19: 0 | H19: 1/6 227 Bemper kanan penyok | I19: 1
A20: 17 | B20: =IFERROR(VLOOKUP(C20,'DAFTAR NAMA PRAMUDI'!C:D,2,FALSE),"0") -> 0 | C20: 780611296 | F20: 0 | I20: 0
A21: 18 | B21: =IFERROR(VLOOKUP(C21,'DAFTAR NAMA PRAMUDI'!C:D,2,FALSE),"0") -> Bambang irawan | C21: 17001544 | E21: 10/5 258 bemper kanan baret | F21: 1
A22: 19 | B22: =IFERROR(VLOOKUP(C22,'DAFTAR NAMA PRAMUDI'!C:D,2,FALSE),"0") -> Bayu Dyan Sukmana | C22: 17000839 | D22: 13/04/260 bemper kiri depan | E22: 19/5 260 bemper kiri penyok | F22: 1 | G22: 1 | H22: 3/6 266 cover cctv pecah hilang | I22: 1
A23: 20 | B23: =IFERROR(VLOOKUP(C23,'DAFTAR NAMA PRAMUDI'!C:D,2,FALSE),"0") -> Beni S.W | C23: 17000436 | F23: 0 | G23: 1 | I23: 0
A24: 21 | B24: =IFERROR(VLOOKUP(C24,'DAFTAR NAMA PRAMUDI'!C:D,2,FALSE),"0") -> Budi Prasetyo | C24: 17000389 | E24: 31/5 227 body blkng baret | F24: 0 | G24: 1 | I24: 0
A25: 22 | B25: =IFERROR(VLOOKUP(C25,'DAFTAR NAMA PRAMUDI'!C:D,2,FALSE),"0") -> Dede Erik | C25: 17000346 | D25: 21/04 /257 cover cctv hilang/body belakang baret | E25: 5/5 268 bemper kanan depan baret | F25: 1 | G25: 1 | H25: 13/06/2026 spion pecah keong spion ilang 250-226 | I25: 1
A26: 23 | B26: =IFERROR(VLOOKUP(C26,'DAFTAR NAMA PRAMUDI'!C:D,2,FALSE),"0") -> 0 | C26: 17000471 | F26: 0 | H26: MAMAN | I26: 1
A27: 24 | B27: =IFERROR(VLOOKUP(C27,'DAFTAR NAMA PRAMUDI'!C:D,2,FALSE),"0") -> Defi Andri | C27: 7213120708 | D27: 14/4 251 bodi blkng kiri baret | F27: 0 | I27: 0
A28: 25 | B28: =IFERROR(VLOOKUP(C28,'DAFTAR NAMA PRAMUDI'!C:D,2,FALSE),"0") -> Deni Permadi | C28: 17001328 | E28: 4/5 225 cover cctv kiri hilang 7/5 225 bemper kanan baret 12/5 225 bemper kiri penyok | F28: 2 | G28: 3 | I28: 0
A29: 26 | B29: =IFERROR(VLOOKUP(C29,'DAFTAR NAMA PRAMUDI'!C:D,2,FALSE),"0") -> Dodo Wilmar Panjaitan | C29: 17000838 | D29: 26/4 263 bemper kiri penyok | E29: 6/5 263 bemper kanan baret | F29: 1 | I29: 0
A30: 27 | B30: =IFERROR(VLOOKUP(C30,'DAFTAR NAMA PRAMUDI'!C:D,2,FALSE),"0") -> Firman Hari | C30: 17001802 | D30: 1/4 232 bodi blakang baret 5/5 259 bemper kanan penyok 7/4 231 bodi blkng penyok 17/4 248 bemper kanan penyok | E30: 5/5 spion kecil kiri patah, dtabrak TJ 22/5 231 bemper kanan penyok | F30: 2 | G30: 2 | H30: 11 juni 2026 body samping dpan sebelah kiri 249 | I30: 1
A31: 28 | B31: =IFERROR(VLOOKUP(C31,'DAFTAR NAMA PRAMUDI'!C:D,2,FALSE),"0") -> Edy Susanto | C31: 17000427 | D31: 14/4 247 body kanan atas penyok | F31: 0 | H31: 06/06 247 bemper depan kanan bawah | I31: 1
A32: 29 | B32: =IFERROR(VLOOKUP(C32,'DAFTAR NAMA PRAMUDI'!C:D,2,FALSE),"0") -> Efendi | C32: 17000441 | F32: 0 | I32: 0
A33: 30 | B33: =IFERROR(VLOOKUP(C33,'DAFTAR NAMA PRAMUDI'!C:D,2,FALSE),"0") -> Fatah Fathuroji | C33: 17001844 | D33: 4/4 240 body blkng gompal | E33: 12/5 240 body blkng kiri prnyok 31/5 240 body blkng kanan penyok | F33: 2 | G33: 2 | H33: 13/06/2026bemper penyok 240 | I33: 1
A34: 31 | B34: =IFERROR(VLOOKUP(C34,'DAFTAR NAMA PRAMUDI'!C:D,2,FALSE),"0") -> Fahrul Rozi | C34: 17001418 | F34: 0 | I34: 0
A35: 32 | B35: =IFERROR(VLOOKUP(C35,'DAFTAR NAMA PRAMUDI'!C:D,2,FALSE),"0") -> Fajar Miftahudin | C35: 17001576 | D35: 20/4 237 body blkng baret dalam | E35: 5/5 237 body kanan atas penyok | F35: 1 | G35: 1 | I35: 0
A36: 33 | B36: =IFERROR(VLOOKUP(C36,'DAFTAR NAMA PRAMUDI'!C:D,2,FALSE),"0") -> Fernando Triokto Lumbanraja | C36: 17001536 | D36: 21/4 274 bemper kanan penyok 24/4 233 body blkng penyok baret | E36: 16/5 226 kaca spion kanan pecah,cover spion pecah | F36: 1 | G36: 1 | I36: 0
A37: 34 | B37: =IFERROR(VLOOKUP(C37,'DAFTAR NAMA PRAMUDI'!C:D,2,FALSE),"0") -> Gokman S | C37: 17001449 | D37: 18/4 256 bemper kanan penyok | F37: 0 | H37: 06/06/2026 BODY BLAKANG | I37: 1
A38: 35 | B38: =IFERROR(VLOOKUP(C38,'DAFTAR NAMA PRAMUDI'!C:D,2,FALSE),"0") -> 0 | C38: 17001937 | D38: 27/04/249 body baret | E38: 12/5 250 bemper kiri penyok | F38: 1 | G38: 1 | H38: 03/06/244bemper bawah kanan | I38: 0
A39: 36 | B39: =IFERROR(VLOOKUP(C39,'DAFTAR NAMA PRAMUDI'!C:D,2,FALSE),"0") -> Gumilar Aziz Cahyadi | C39: 17001324 | D39: 2/4 261 bemper kanan baret | E39: 15/5 225 bemper kanan baret | F39: 1 | G39: 1 | I39: 0
A40: 37 | B40: =IFERROR(VLOOKUP(C40,'DAFTAR NAMA PRAMUDI'!C:D,2,FALSE),"0") -> Hafid | C40: 17000798 | E40: 13/5 244 bemper kanan baret 19/5 226 bemper kanan baret 27/5 263 bemper kanan penyok | F40: 3 | G40: 3 | I40: 0
A41: 38 | B41: =IFERROR(VLOOKUP(C41,'DAFTAR NAMA PRAMUDI'!C:D,2,FALSE),"0") -> Gilang Rengga s | C41: 17001852 | D41: 15/4 239 bemper kiri penyok | E41: 3/5 230 kaca spion kanan pecah 22/5 267 body kanan depan penyok | F41: 2 | G41: 2 | I41: 0
A42: 39 | B42: =IFERROR(VLOOKUP(C42,'DAFTAR NAMA PRAMUDI'!C:D,2,FALSE),"0") -> HERMAN | C42: 17001447 | F42: 0 | I42: 0
A43: 40 | B43: =IFERROR(VLOOKUP(C43,'DAFTAR NAMA PRAMUDI'!C:D,2,FALSE),"0") -> Hermawansyah | C43: 17001603 | E43: 31/5 243 bemper kanan baret | F43: 1 | G43: 1 | H43: 12 juni 2026 cover spion kiri pecah | I43: 1
A44: 41 | B44: =IFERROR(VLOOKUP(C44,'DAFTAR NAMA PRAMUDI'!C:D,2,FALSE),"0") -> Hilmi Sanusi | C44: 17001488 | D44: 16/4 244 bemper kanan penyok | F44: 0 | I44: 0
A45: 42 | B45: =IFERROR(VLOOKUP(C45,'DAFTAR NAMA PRAMUDI'!C:D,2,FALSE),"0") -> 0 | F45: 0 | I45: 0
A46: 43 | B46: =IFERROR(VLOOKUP(C46,'DAFTAR NAMA PRAMUDI'!C:D,2,FALSE),"0") -> Hulman Sihotang | C46: 17000691 | D46: 6/4 246 bemper depan penyok nabrak motor 13/4 246 bemper blkng penyok | E46: 3/5 256 ban blkng luar kiri sobek 26/5 246 bemper kanan baret | F46: 2 | G46: 2 | I46: 0
A47: 44 | B47: =IFERROR(VLOOKUP(C47,'DAFTAR NAMA PRAMUDI'!C:D,2,FALSE),"0") -> Ilham Ihda Maulana | C47: 17001293 | F47: 0 | I47: 0
A48: 45 | B48: =IFERROR(VLOOKUP(C48,'DAFTAR NAMA PRAMUDI'!C:D,2,FALSE),"0") -> Imam Kharis | C48: 17000510 | E48: 14/5 229 bemper kanan baret | F48: 1 | G48: 1 | I48: 0
A49: 46 | B49: =IFERROR(VLOOKUP(C49,'DAFTAR NAMA PRAMUDI'!C:D,2,FALSE),"0") -> Imam Kuspendi | C49: 17001028 | D49: 21/4 272 cover spion kiri pecah | F49: 0 | H49: 3/6 272 body blkng baret | I49: 1
A50: 47 | B50: =IFERROR(VLOOKUP(C50,'DAFTAR NAMA PRAMUDI'!C:D,2,FALSE),"0") -> Imron Asmara | C50: 8615121388 | F50: 0 | I50: 0
A51: 48 | B51: =IFERROR(VLOOKUP(C51,'DAFTAR NAMA PRAMUDI'!C:D,2,FALSE),"0") -> Indra Pinayung Sitompul | C51: 17001070 | E51: 11/5 229 bemper kanan baret | F51: 1 | G51: 1 | H51: 12/06/2026 BEMPER BAWAH PENYOK 250-250 | I51: 1
A52: 49 | B52: =IFERROR(VLOOKUP(C52,'DAFTAR NAMA PRAMUDI'!C:D,2,FALSE),"0") -> Ishak Oma | C52: 17000598 | D52: 2/4 236 bemper kanan baret, cover spion pecah 20/4 236 bemper kanan baret 22/4 236 bemper kanan penyok | E52: 14/5 bemper blkng baret | F52: 1 | G52: 1 | H52: 09 jn 2026 bemper kanan lecet body 258 | I52: 1
A53: 50 | B53: =IFERROR(VLOOKUP(C53,'DAFTAR NAMA PRAMUDI'!C:D,2,FALSE),"0") -> Iwan Setiawan | C53: 17000909 | E53: 12/5 239 bemper kanan penyok | F53: 1 | G53: 1 | I53: 0
A54: 51 | B54: =IFERROR(VLOOKUP(C54,'DAFTAR NAMA PRAMUDI'!C:D,2,FALSE),"0") -> Jonaemson Gultom | C54: 17001022 | D54: 19/4 253 bemper kanan baret | F54: 0 | I54: 0
A55: 52 | B55: =IFERROR(VLOOKUP(C55,'DAFTAR NAMA PRAMUDI'!C:D,2,FALSE),"0") -> Iwan Wibowo | C55: 17001502 | E55: 15/5 239 body blkng kiri penyok 22/5 239 body blkng kiri baret | F55: 2 | G55: 2 | H55: 03/06/2026 B 272 BODY BLAKANG PENYOK | I55: 1
A56: 53 | B56: =IFERROR(VLOOKUP(C56,'DAFTAR NAMA PRAMUDI'!C:D,2,FALSE),"0") -> Japahotin sihombing | C56: 17001578 | F56: 0 | H56: 13/06/2026 bemper belakang kanan penyok 245 | I56: 1
A57: 54 | B57: =IFERROR(VLOOKUP(C57,'DAFTAR NAMA PRAMUDI'!C:D,2,FALSE),"0") -> Joko Santoso | C57: 790110747 | E57: 6/5 261 cover spion kanan pecah 14/5 261 bemper kiri penyok | F57: 2 | G57: 2 | I57: 0
A58: 55 | B58: =IFERROR(VLOOKUP(C58,'DAFTAR NAMA PRAMUDI'!C:D,2,FALSE),"0") -> Kiswanto | C58: 17001511 | E58: 21/5 258 bemper kanan baret 05/05/2026 tutup ac bolong | F58: 2 | G58: 1 | H58: 3/6 259 body blkng kiri baret | I58: 1
A59: 56 | B59: =IFERROR(VLOOKUP(C59,'DAFTAR NAMA PRAMUDI'!C:D,2,FALSE),"0") -> Kusnadi | C59: 17000590 | E59: 18/5 229 bemper kanan baret 22/5 229 karet pintu sobek,fender kiri depan baret 24/5 229 bemper kanan penyok | F59: 3 | G59: 3 | I59: 0
A60: 57 | B60: =IFERROR(VLOOKUP(C60,'DAFTAR NAMA PRAMUDI'!C:D,2,FALSE),"0") -> Lilik Damayanti | C60: 17001361 | D60: 12/4 259 ban kiri blkng luar gompal | E60: 10/5 230 bemper kanan baret 21/5 273 bemper kanan baret 23/5 237 bemper kanan baret | F60: 3 | G60: 3 | I60: 0
A61: 58 | B61: =IFERROR(VLOOKUP(C61,'DAFTAR NAMA PRAMUDI'!C:D,2,FALSE),"0") -> lukman khakim | C61: 17001790 | D61: 6/4 263 bemper kanan penyok | F61: 0 | I61: 0
A62: 59 | B62: =IFERROR(VLOOKUP(C62,'DAFTAR NAMA PRAMUDI'!C:D,2,FALSE),"0") -> M. Muslimin | C62: 17000884 | D62: 12/4 232 ban kiri blkng sobek | F62: 0 | I62: 0
A63: 60 | B63: =IFERROR(VLOOKUP(C63,'DAFTAR NAMA PRAMUDI'!C:D,2,FALSE),"0") -> M. Sapli | C63: 17001504 | E63: 10/5 273 body samping kiri baret 26/5 273 bemper kanan baret | F63: 2 | G63: 2 | H63: 07/06/2026 B273 BEMPER KANAN PNYOK | I63: 1
A64: 61 | B64: =IFERROR(VLOOKUP(C64,'DAFTAR NAMA PRAMUDI'!C:D,2,FALSE),"0") -> Maman | C64: 17000595 | F64: 0 | I64: 0
A65: 62 | B65: =IFERROR(VLOOKUP(C65,'DAFTAR NAMA PRAMUDI'!C:D,2,FALSE),"0") -> Manat Hasugian | C65: 17001477 | D65: 22/4 266 bemper kanan penyok | E65: 5/5 266 bemper kanan penyok | F65: 1 | G65: 1 | H65: 3/6 266 cover cctv pecah hilang | I65: 1
A66: 63 | B66: =IFERROR(VLOOKUP(C66,'DAFTAR NAMA PRAMUDI'!C:D,2,FALSE),"0") -> Mardongan H | C66: 17000994 | D66: 8/4 256 bemper kanan gompal | F66: 0 | I66: 0
A67: 64 | B67: =IFERROR(VLOOKUP(C67,'DAFTAR NAMA PRAMUDI'!C:D,2,FALSE),"0") -> 0 | C67: 17001971 | D67: 3/4 232 bemper kanan penyok | F67: 0 | I67: 0
A68: 65 | B68: =IFERROR(VLOOKUP(C68,'DAFTAR NAMA PRAMUDI'!C:D,2,FALSE),"0") -> Mashuri | C68: 17000971 | E68: 8/5 261 cover spion keong kiri pecah | F68: 1 | G68: 1 | H68: 5/06 232 body kiri penyok dlem stiker rusak 06/06 250 body kiri belakang atas | I68: 2
A69: 66 | B69: =IFERROR(VLOOKUP(C69,'DAFTAR NAMA PRAMUDI'!C:D,2,FALSE),"0") -> Milyadi | C69: 17001078 | D69: 15/4 241 body depan kanan baret | F69: 0 | I69: 0
A70: 67 | B70: =IFERROR(VLOOKUP(C70,'DAFTAR NAMA PRAMUDI'!C:D,2,FALSE),"0") -> Moch Jenni | C70: 17000603 | E70: 11/05/2026 bemper dpn penyok | F70: 1 | I70: 0
A71: 68 | B71: =IFERROR(VLOOKUP(C71,'DAFTAR NAMA PRAMUDI'!C:D,2,FALSE),"0") -> Moh. Abdul Kholiq | C71: 17000699 | D71: 15/4 247 bemper kanan baret 23/4 247 cover spion kiri luka baret | E71: 23/5 247 bemper kanan baret | F71: 1 | G71: 1 | H71: 3/6 250 bemper kiri penyok 07/06/2026 BEMPER BLKNG | I71: 2
A72: 69 | B72: =IFERROR(VLOOKUP(C72,'DAFTAR NAMA PRAMUDI'!C:D,2,FALSE),"0") -> Muflih | C72: 17000778 | F72: 0 | I72: 0
A73: 70 | B73: =IFERROR(VLOOKUP(C73,'DAFTAR NAMA PRAMUDI'!C:D,2,FALSE),"0") -> Muh Viky Ardian Priambodo | C73: 17001611 | E73: 10/5 270 body blkng kiri baret | F73: 1 | G73: 1 | I73: 0
A74: 71 | B74: =IFERROR(VLOOKUP(C74,'DAFTAR NAMA PRAMUDI'!C:D,2,FALSE),"0") -> Muhalik | C74: 17001156 | D74: 13/4 254 cover spion kiri baret 25/4 225 bemper kanan baret | E74: 25/04/2026 body lecet | F74: 1 | H74: 10/06/2026 b 250-225 bod baret dpn kanan | I74: 1
A75: 72 | B75: =IFERROR(VLOOKUP(C75,'DAFTAR NAMA PRAMUDI'!C:D,2,FALSE),"0") -> Muhamad Hasan | C75: 17001109 | F75: 0 | I75: 0
A76: 73 | B76: =IFERROR(VLOOKUP(C76,'DAFTAR NAMA PRAMUDI'!C:D,2,FALSE),"0") -> Muhammad Faezal Aprianur | C76: 17001552 | D76: 10/4 261 body blkng baret | F76: 0 | I76: 0
A77: 74 | B77: =IFERROR(VLOOKUP(C77,'DAFTAR NAMA PRAMUDI'!C:D,2,FALSE),"0") -> 0 | C77: 17001405 | F77: 0 | I77: 0
A78: 75 | B78: =IFERROR(VLOOKUP(C78,'DAFTAR NAMA PRAMUDI'!C:D,2,FALSE),"0") -> Muslimin | C78: 17001527 | F78: 0 | I78: 0
A79: 76 | B79: =IFERROR(VLOOKUP(C79,'DAFTAR NAMA PRAMUDI'!C:D,2,FALSE),"0") -> Nofrial | C79: 831111895 | F79: 0 | H79: 07/06/2026 COVER CCTV HILANG 09/06/2026 b 250-251 vover ccvt r ilang | I79: 2
A80: 77 | B80: =IFERROR(VLOOKUP(C80,'DAFTAR NAMA PRAMUDI'!C:D,2,FALSE),"0") -> Nur Rohim | C80: 820811526 | E80: 7/5 267 cover cctv depan hilang | F80: 1 | G80: 1 | I80: 0
A81: 78 | B81: =IFERROR(VLOOKUP(C81,'DAFTAR NAMA PRAMUDI'!C:D,2,FALSE),"0") -> Pardamean Sihombing | C81: 17001170 | D81: 4/4 274 bemper blkng baret | F81: 0 | I81: 0
A82: 79 | B82: =IFERROR(VLOOKUP(C82,'DAFTAR NAMA PRAMUDI'!C:D,2,FALSE),"0") -> Pipin Avrianto | C82: 17000422 | D82: 21/04/2026bemper belang kiri baret | F82: 0 | I82: 0
A83: 80 | B83: =IFERROR(VLOOKUP(C83,'DAFTAR NAMA PRAMUDI'!C:D,2,FALSE),"0") -> Parlindungan s | C83: 17000868 | E83: 3/5 257 cover cctv kanan pecah | F83: 1 | G83: 1 | I83: 0
A84: 81 | B84: =IFERROR(VLOOKUP(C84,'DAFTAR NAMA PRAMUDI'!C:D,2,FALSE),"0") -> Posman H | C84: 17000864 | F84: 0 | I84: 0
A85: 82 | B85: =IFERROR(VLOOKUP(C85,'DAFTAR NAMA PRAMUDI'!C:D,2,FALSE),"0") -> Putra Pranata | C85: 17000557 | F85: 0 | I85: 0
A86: 83 | B86: =IFERROR(VLOOKUP(C86,'DAFTAR NAMA PRAMUDI'!C:D,2,FALSE),"0") -> Remondo H | C86: 17001150 | D86: 12/4 235 bemper kanan baret | F86: 0 | I86: 0
A87: 84 | B87: =IFERROR(VLOOKUP(C87,'DAFTAR NAMA PRAMUDI'!C:D,2,FALSE),"0") -> Rezaldy Putra | C87: 17001344 | F87: 0 | I87: 0
A88: 85 | B88: =IFERROR(VLOOKUP(C88,'DAFTAR NAMA PRAMUDI'!C:D,2,FALSE),"0") -> Roni P | C88: 17001407 | D88: 1/4 232 bemper kanan baret | F88: 0 | I88: 0
A89: 86 | B89: =IFERROR(VLOOKUP(C89,'DAFTAR NAMA PRAMUDI'!C:D,2,FALSE),"0") -> 0 | C89: 17001970 | F89: 0 | I89: 0
A90: 87 | B90: =IFERROR(VLOOKUP(C90,'DAFTAR NAMA PRAMUDI'!C:D,2,FALSE),"0") -> Rudi | C90: 17001362 | D90: 4/4 226 cover cctv hilang | F90: 0 | I90: 0
A91: 88 | B91: =IFERROR(VLOOKUP(C91,'DAFTAR NAMA PRAMUDI'!C:D,2,FALSE),"0") -> Rudi | C91: 17001362 | D91: 5/4 232 body blkng kiri npenyok | F91: 0 | I91: 0
A92: 89 | B92: =IFERROR(VLOOKUP(C92,'DAFTAR NAMA PRAMUDI'!C:D,2,FALSE),"0") -> Samuji | C92: 7709120211 | D92: 1/4 233 bodi atas baret 16/4 261 bemper kanan penyok | F92: 0 | H92: 12/06/2026bemper sebelah kiri penyok 264 | I92: 1
A93: 90 | B93: =IFERROR(VLOOKUP(C93,'DAFTAR NAMA PRAMUDI'!C:D,2,FALSE),"0") -> Samuji | C93: 7709120211 | E93: 10/5 233 bemper kanan baret | F93: 1 | G93: 1 | I93: 0
A94: 91 | B94: =IFERROR(VLOOKUP(C94,'DAFTAR NAMA PRAMUDI'!C:D,2,FALSE),"0") -> Sangidul Mansyur .A | C94: 7812120066 | D94: 14/4 245 cover spion kanan baret | E94: 12/5 253 cover cctv kanan pecah | F94: 1 | G94: 1 | I94: 0
A95: 92 | B95: =IFERROR(VLOOKUP(C95,'DAFTAR NAMA PRAMUDI'!C:D,2,FALSE),"0") -> Sobur | C95: 17000795 | F95: 1 | H95: 15/06/2026 bodi samping kiri baret 228 | I95: 1
A96: 93 | B96: =IFERROR(VLOOKUP(C96,'DAFTAR NAMA PRAMUDI'!C:D,2,FALSE),"0") -> 0 | C96: 17001032 | E96: 7/5 242 bemper kanan depan penyok | F96: 1 | G96: 1 | I96: 0
A97: 94 | B97: =IFERROR(VLOOKUP(C97,'DAFTAR NAMA PRAMUDI'!C:D,2,FALSE),"0") -> Sony Bin Sakam | C97: 17001018 | F97: 0 | I97: 0
A98: 95 | B98: =IFERROR(VLOOKUP(C98,'DAFTAR NAMA PRAMUDI'!C:D,2,FALSE),"0") -> Sugianto | C98: 17000899 | D98: 8/4 262 bemper blkng penyok | E98: 14/5 250 bemper kanan baret | F98: 1 | G98: 1 | I98: 0
A99: 96 | B99: =IFERROR(VLOOKUP(C99,'DAFTAR NAMA PRAMUDI'!C:D,2,FALSE),"0") -> Sugiman | C99: 17000737 | D99: 22/4 233 bemper kanan baret | E99: 3/5 261 bemper kanan baret 7/5 261 body blkng kiri baret | F99: 2 | G99: 2 | I99: 0
A100: 97 | B100: =IFERROR(VLOOKUP(C100,'DAFTAR NAMA PRAMUDI'!C:D,2,FALSE),"0") -> Suhendi | C100: 7813120477 | F100: 0 | I100: 0
...

Sheet Sheet2

Sheet DAFTAR NAMA PRAMUDI
B2: NO | C2: NIK | D2: NAMA
B4: 1 | C4: 17001137 | D4: A Sutriadi
B5: 2 | C5: 17001342 | D5: Abdul Rochman
B6: 3 | C6: 17000495 | D6: Ade Muhibudin
B7: 4 | C7: 17000537 | D7: Ade Tisna
B8: 5 | C8: 17001589 | D8: Afrizal Firmansyah
B9: 6 | C9: 17001473 | D9: Agus Hariyanto
B10: 7 | C10: 17001101 | D10: Agus Sukmana
B11: 8 | C11: 17001814 | D11: Aguswandi
B12: 9 | C12: 17000849 | D12: Ahmad Gustomi
B13: 10 | C13: 17001005 | D13: Akbar
B14: 11 | C14: 17001818 | D14: Anang Maulana Awaludin
B15: 12 | C15: 17001469 | D15: Andhy Sururi
... B126: 123 | C126: 17002098 | D126: ROSARI WULAN PRASASTI
C127: 17001509 | D127: APIPUDIN
C128: 17001447 | D128: HERMAN
C129: 17001903 | D129: WAHYUDI
